variant,status,returncode,coordinate_model,observable,components,robust_loss,kraitchman,kraitchman_partial,n_bdpcs3_predicates,n_kraitchman_predicates,rank,condition_number,convergence_reason,stationary_point,rotational_rms_MHz,rotational_max_abs_MHz,warnings,errors,warning_codes,kabsch_rmsd_vs_ref_A,kabsch_max_atom_shift_vs_ref_A,bond_delta_initial_max_mA,bond_delta_initial_rms_mA,bond_sigma_max_mA,angle_delta_initial_max_deg,angle_delta_initial_rms_deg,angle_sigma_max_deg,dihedral_delta_initial_max_deg,dihedral_delta_initial_rms_deg,bond_shift_vs_ref_max_mA,bond_shift_vs_ref_rms_mA,angle_shift_vs_ref_max_deg,angle_shift_vs_ref_rms_deg,dihedral_shift_vs_ref_max_deg,dihedral_shift_vs_ref_rms_deg,accepted_reference_quality,outdir
ref_no_kra_full_validation,ok,0,gic,moments,ABC,none,0,0,178,unknown,75,71.31528213120208,objective_tolerance,minimum,0.07881264807946861,0.283939071605,1,0,small_trust_radius;predicate_weight_dominates;small_final_step_with_gradient,7.508140255077614e-16,1.324147507406233e-15,0.832163752118,0.3143644828885915,2.9996751167399998,0.0402616322174,0.014824996192562823,0.256582403494,0.0412668128462,0.014458376511254943,0.0,0.0,0.0,0.0,0.0,0.0,1,/Users/vincenzobarone/MATRIX/working/semiexp/camphor_bdpcs3/stability_suite_full/runs/ref_no_kra_full_validation
coord_cartesian_symmetry,ok,0,cartesian_symmetry,moments,ABC,none,0,0,178,unknown,75,23.504599726224622,objective_tolerance,minimum,0.07881264794722036,0.283939070291,0,0,predicate_weight_dominates;small_final_step_with_gradient,1.7990231936052572e-09,8.739029741896868e-09,0.832163742401,0.3143644840683004,2.9996751167399998,0.0402616312621,0.014824996092343421,0.256582403494,0.0412668115036,0.01445837654200801,3.000000248221113e-08,1.2392395005992328e-08,2.999996695507434e-09,9.643600274027289e-10,2.0000072709080996e-09,8.002417074897193e-10,1,/Users/vincenzobarone/MATRIX/working/semiexp/camphor_bdpcs3/stability_suite_full/runs/coord_cartesian_symmetry
observable_rotational_constants,ok,0,gic,rotational_constants,ABC,none,0,0,178,unknown,75,71.3150578250798,objective_tolerance,minimum,0.07881158048644822,0.283913794844,0,0,predicate_weight_dominates;small_final_step_with_gradient,2.185648635740574e-08,3.929314719684076e-08,0.8321744997830001,0.3143665975550916,2.9996751173,0.0402612487519,0.014825017693902548,0.256582403296,0.0412671547426,0.014458467372911909,2.0190000116215856e-05,7.342161297817636e-06,7.209999921542476e-07,2.3698198211765818e-07,8.750000120016921e-07,2.8887333835028016e-07,1,/Users/vincenzobarone/MATRIX/working/semiexp/camphor_bdpcs3/stability_suite_full/runs/observable_rotational_constants
components_AB,ok,0,gic,moments,AB,none,0,0,178,unknown,75,75.64662696279413,objective_tolerance,minimum,0.1748911797426862,0.357549267869,1,0,small_trust_radius;predicate_weight_dominates;small_final_step_with_gradient,0.000369977727222136,0.0006443071139841701,0.716683381563,0.3109288129763236,2.99978284672,0.0419675676045,0.013581313824691445,0.256618558373,0.0376352053624,0.013698137092767458,0.19585817999989708,0.06437274592703952,0.02099101199999609,0.005569451994612459,0.020816555999999764,0.005077205473313618,1,/Users/vincenzobarone/MATRIX/working/semiexp/camphor_bdpcs3/stability_suite_full/runs/components_AB
components_AC,ok,0,gic,moments,AC,none,0,0,178,unknown,75,70.1925421289708,objective_tolerance,minimum,0.5605097926802456,1.00235052829,0,0,predicate_weight_dominates;small_final_step_with_gradient,0.0011164276697905023,0.001981734348785783,0.404704879188,0.1510213134991155,2.9998457629399997,0.0229109267658,0.007271163649001128,0.256579409519,0.0240162010357,0.008112884116912722,0.7375870399999318,0.24507896509680488,0.055008304000011776,0.014750676929577572,0.04282180600000629,0.013636660726273482,1,/Users/vincenzobarone/MATRIX/working/semiexp/camphor_bdpcs3/stability_suite_full/runs/components_AC
components_BC,ok,0,gic,moments,BC,none,0,0,178,unknown,75,70.66115601355874,objective_tolerance,minimum,0.5029918769539564,1.12816184162,0,0,predicate_weight_dominates;small_final_step_with_gradient,0.0006486940724515516,0.0010714430714819827,0.771131193852,0.24334490518009894,2.9997993361199997,0.0492356445419,0.013114164608278687,0.256598069557,0.0390272829436,0.012167780273136197,0.4950009999999949,0.202343063464004,0.022944298999988177,0.007426405541300745,0.023621089000016582,0.008730466097097728,1,/Users/vincenzobarone/MATRIX/working/semiexp/camphor_bdpcs3/stability_suite_full/runs/components_BC
robust_huber,ok,0,gic,moments,ABC,huber,0,0,178,unknown,75,67.90603954107188,line_search_stalled,minimum,0.1388349942716636,0.3724801224,4,0,robust_downweighted_isotopologues;small_trust_radius;low_robust_isotopologue_weight;low_robust_isotopologue_weight;low_robust_isotopologue_weight;low_robust_isotopologue_weight;low_robust_isotopologue_weight;low_robust_isotopologue_weight;low_robust_isotopologue_weight;low_robust_isotopologue_weight;low_robust_isotopologue_weight;low_robust_isotopologue_weight;low_robust_isotopologue_weight;low_robust_isotopologue_weight;predicate_weight_dominates;repeated_final_rejections;small_final_step_with_gradient,0.00019309635457762564,0.00036742641729316336,0.685346772781,0.2691697786864663,2.99972758024,0.0341677818501,0.012492406238197695,0.256590201351,0.035074387405,0.012204562432456814,0.1468169799998531,0.04835064427404061,0.009110464999992018,0.002548595357503707,0.006424823999992668,0.0024151193274056185,1,/Users/vincenzobarone/MATRIX/working/semiexp/camphor_bdpcs3/stability_suite_full/runs/robust_huber
robust_soft_l1,ok,0,gic,moments,ABC,soft_l1,0,0,178,unknown,75,71.30061203132794,line_search_stalled,minimum,0.07883874655112666,0.284216640025,3,0,robust_downweighted_isotopologues;many_rejected_steps;small_trust_radius;predicate_weight_dominates;repeated_final_rejections;small_final_step_with_gradient,4.010781150341264e-07,1.0204918150603433e-06,0.832110615844,0.3143092812402994,2.99967517722,0.0402714306306,0.01482453386047911,0.256582410915,0.0412611506197,0.014456755394498866,0.00028378999994416176,0.0001153138942841614,2.077800002098229e-05,6.360971678807845e-06,1.961499998515137e-05,5.886084962342794e-06,1,/Users/vincenzobarone/MATRIX/working/semiexp/camphor_bdpcs3/stability_suite_full/runs/robust_soft_l1
all_sigmas_x0p5,ok,0,gic,moments,ABC,none,0,0,178,unknown,75,67.99429001918497,objective_tolerance,minimum,0.1192074085610444,0.338210369096,0,0,predicate_weight_dominates;small_final_step_with_gradient,0.00015447057877865071,0.0002952219288635171,0.720937917674,0.2815434319637111,1.49985864027,0.0358834354088,0.013039328695010313,0.12829435328,0.0367336844394,0.012755895231249929,0.11122583000000574,0.03628259530299574,0.007841170000006059,0.002065578644727503,0.005844056999990244,0.001932274342244057,1,/Users/vincenzobarone/MATRIX/working/semiexp/camphor_bdpcs3/stability_suite_full/runs/all_sigmas_x0p5
all_sigmas_x2,ok,0,gic,moments,ABC,none,0,0,178,unknown,75,87.72316341169682,objective_tolerance,minimum,0.07380233385140528,0.266689272904,34,0,large_geometry_uncertainty;large_geometry_uncertainty;large_geometry_uncertainty;large_geometry_uncertainty;large_geometry_uncertainty;large_geometry_uncertainty;large_geometry_uncertainty;large_geometry_uncertainty;large_geometry_uncertainty;large_geometry_uncertainty;large_geometry_uncertainty;large_geometry_uncertainty;large_geometry_uncertainty;large_geometry_uncertainty;large_geometry_uncertainty;large_geometry_uncertainty;large_geometry_uncertainty;large_geometry_uncertainty;large_geometry_uncertainty;large_geometry_uncertainty;large_geometry_uncertainty;large_geometry_uncertainty;large_geometry_uncertainty;large_geometry_uncertainty;large_geometry_uncertainty;large_geometry_uncertainty;large_geometry_uncertainty;large_geometry_uncertainty;large_geometry_uncertainty;large_geometry_uncertainty;large_geometry_uncertainty;large_geometry_uncertainty;large_geometry_uncertainty;large_geometry_uncertainty;predicate_weight_dominates;small_final_step_with_gradient,9.342173241964758e-05,0.00018949873229164873,0.851331925393,0.3280085996994701,5.99929815411,0.042622354961,0.01522762655277143,0.513157060871,0.0420725089763,0.015082305758307152,0.08769912999984086,0.031943117174484253,0.004699633000001313,0.0013936665911716696,0.0036180320000198662,0.0010572224691891873,1,/Users/vincenzobarone/MATRIX/working/semiexp/camphor_bdpcs3/stability_suite_full/runs/all_sigmas_x2
all_sigmas_x3,ok,0,gic,moments,ABC,none,0,0,178,unknown,75,112.53555881419882,objective_tolerance,minimum,0.07273083291688949,0.260169793923,133,0,small_trust_radius;large_geometry_uncertainty;large_geometry_uncertainty;large_geometry_uncertainty;large_geometry_uncertainty;large_geometry_uncertainty;large_geometry_uncertainty;large_geometry_uncertainty;large_geometry_uncertainty;large_geometry_uncertainty;large_geometry_uncertainty;large_geometry_uncertainty;large_geometry_uncertainty;large_geometry_uncertainty;large_geometry_uncertainty;large_geometry_uncertainty;large_geometry_uncertainty;large_geometry_uncertainty;large_geometry_uncertainty;large_geometry_uncertainty;large_geometry_uncertainty;large_geometry_uncertainty;large_geometry_uncertainty;large_geometry_uncertainty;large_geometry_uncertainty;large_geometry_uncertainty;large_geometry_uncertainty;large_geometry_uncertainty;large_geometry_uncertainty;large_geometry_uncertainty;large_geometry_uncertainty;large_geometry_uncertainty;large_geometry_uncertainty;large_geometry_uncertainty;large_geometry_uncertainty;large_geometry_uncertainty;large_geometry_uncertainty;large_geometry_uncertainty;large_geometry_uncertainty;large_geometry_uncertainty;large_geometry_uncertainty;large_geometry_uncertainty;large_geometry_uncertainty;large_geometry_uncertainty;large_geometry_uncertainty;large_geometry_uncertainty;large_geometry_uncertainty;large_geometry_uncertainty;large_geometry_uncertainty;large_geometry_uncertainty;large_geometry_uncertainty;large_geometry_uncertainty;large_geometry_uncertainty;large_geometry_uncertainty;large_geometry_uncertainty;large_geometry_uncertainty;large_geometry_uncertainty;large_geometry_uncertainty;large_geometry_uncertainty;large_geometry_uncertainty;large_geometry_uncertainty;large_geometry_uncertainty;large_geometry_uncertainty;large_geometry_uncertainty;large_geometry_uncertainty;large_geometry_uncertainty;large_geometry_uncertainty;large_geometry_uncertainty;large_geometry_uncertainty;large_geometry_uncertainty;large_geometry_uncertainty;large_geometry_uncertainty;large_geometry_uncertainty;large_geometry_uncertainty;large_geometry_uncertainty;large_geometry_uncertainty;large_geometry_uncertainty;large_geometry_uncertainty;large_geometry_uncertainty;large_geometry_uncertainty;large_geometry_uncertainty;large_geometry_uncertainty;large_geometry_uncertainty;large_geometry_uncertainty;large_geometry_uncertainty;large_geometry_uncertainty;large_geometry_uncertainty;large_geometry_uncertainty;large_geometry_uncertainty;large_geometry_uncertainty;large_geometry_uncertainty;large_geometry_uncertainty;large_geometry_uncertainty;large_geometry_uncertainty;large_geometry_uncertainty;large_geometry_uncertainty;large_geometry_uncertainty;large_geometry_uncertainty;large_geometry_uncertainty;large_geometry_uncertainty;large_geometry_uncertainty;large_geometry_uncertainty;large_geometry_uncertainty;large_geometry_uncertainty;large_geometry_uncertainty;large_geometry_uncertainty;large_geometry_uncertainty;large_geometry_uncertainty;large_geometry_uncertainty;large_geometry_uncertainty;large_geometry_uncertainty;large_geometry_uncertainty;large_geometry_uncertainty;large_geometry_uncertainty;large_geometry_uncertainty;large_geometry_uncertainty;large_geometry_uncertainty;large_geometry_uncertainty;large_geometry_uncertainty;large_geometry_uncertainty;large_geometry_uncertainty;large_geometry_uncertainty;large_geometry_uncertainty;large_geometry_uncertainty;large_geometry_uncertainty;large_geometry_uncertainty;large_geometry_uncertainty;large_geometry_uncertainty;large_geometry_uncertainty;large_geometry_uncertainty;large_geometry_uncertainty;large_geometry_uncertainty;large_geometry_uncertainty;predicate_weight_dominates;small_final_step_with_gradient,0.00021134024620791662,0.0004870985239924153,0.8339669395689999,0.34029184313871935,8.99887640874,0.0452373669988,0.015280297860808022,0.769724228743,0.0417678459905,0.015443025126365396,0.23542600999992835,0.07497399438513828,0.011241079999990689,0.003291613236586172,0.0072559234000095785,0.0023517206582134146,1,/Users/vincenzobarone/MATRIX/working/semiexp/camphor_bdpcs3/stability_suite_full/runs/all_sigmas_x3
ch_bonds_x0p5,ok,0,gic,moments,ABC,none,0,0,178,unknown,75,71.29213198364188,objective_tolerance,minimum,0.07883692862772453,0.28394345388,0,0,predicate_weight_dominates;small_final_step_with_gradient,1.7372859234492962e-05,4.30773803301766e-05,0.834953834051,0.31413646843187665,2.81437187412,0.0403916806848,0.014864281064062887,0.256582349707,0.0413739422705,0.014494722785030294,0.046215180000031,0.018417629974534222,0.00015963100000249142,4.475349752024052e-05,0.00012450899998839304,4.107368141822281e-05,1,/Users/vincenzobarone/MATRIX/working/semiexp/camphor_bdpcs3/stability_suite_full/runs/ch_bonds_x0p5
ch_bonds_x2,ok,0,gic,moments,ABC,none,0,0,178,unknown,75,71.53739737195852,objective_tolerance,minimum,0.07871794879734424,0.283922732031,16,0,large_geometry_uncertainty;large_geometry_uncertainty;large_geometry_uncertainty;large_geometry_uncertainty;large_geometry_uncertainty;large_geometry_uncertainty;large_geometry_uncertainty;large_geometry_uncertainty;large_geometry_uncertainty;large_geometry_uncertainty;large_geometry_uncertainty;large_geometry_uncertainty;large_geometry_uncertainty;large_geometry_uncertainty;large_geometry_uncertainty;large_geometry_uncertainty;predicate_weight_dominates;small_final_step_with_gradient,6.844999190686717e-05,0.00016958071412507438,0.821197225133,0.3255630249663233,5.99743562352,0.0397495565962,0.014670550746240687,0.256582617073,0.0408451954138,0.014315465711319864,0.1819507000000442,0.07256498201402944,0.0006281940000008035,0.00017615618171380645,0.0004897339999843098,0.00016169906142510275,1,/Users/vincenzobarone/MATRIX/working/semiexp/camphor_bdpcs3/stability_suite_full/runs/ch_bonds_x2
h_angles_dihedrals_x0p5,ok,0,gic,moments,ABC,none,0,0,178,unknown,75,95.39682084734554,step_tolerance,minimum,0.08238499672021726,0.288206439354,3,0,many_rejected_steps;small_trust_radius;predicate_weight_dominates;repeated_final_rejections;small_final_step_with_gradient,0.00022375601765506594,0.00040325236288717457,0.976687586398,0.37238855165129653,2.99960998844,0.0461315638259,0.013609612091818832,0.220994640936,0.0310517931887,0.01043450899737278,0.18440223999993677,0.07511129678515849,0.012047906000020703,0.0040838134234946364,0.010989366180012894,0.005639927150928175,1,/Users/vincenzobarone/MATRIX/working/semiexp/camphor_bdpcs3/stability_suite_full/runs/h_angles_dihedrals_x0p5
h_angles_dihedrals_x2,ok,0,gic,moments,ABC,none,0,0,178,unknown,75,72.21479926872824,objective_tolerance,minimum,0.07698063498732181,0.28013078067,9,0,large_geometry_uncertainty;large_geometry_uncertainty;large_geometry_uncertainty;large_geometry_uncertainty;large_geometry_uncertainty;large_geometry_uncertainty;large_geometry_uncertainty;large_geometry_uncertainty;large_geometry_uncertainty;predicate_weight_dominates;small_final_step_with_gradient,0.00019232872401592807,0.0003737946775390068,0.6953416959150001,0.26695555222842066,2.99971194789,0.0383810376862,0.016868489514859773,0.512847001153,0.0493889561033,0.01900146793212242,0.15976379999993462,0.05226392729953579,0.014122842999995555,0.005849706916569645,0.017181389159986793,0.006529323252630784,1,/Users/vincenzobarone/MATRIX/working/semiexp/camphor_bdpcs3/stability_suite_full/runs/h_angles_dihedrals_x2
no_h_dihedral_predicates,ok,0,gic,moments,ABC,none,0,0,116,unknown,75,111769.42482303294,max_iter,minimum,0.07774275805182508,0.279041057168,32,0,not_converged_max_iter;large_geometry_uncertainty;large_geometry_uncertainty;large_geometry_uncertainty;large_geometry_uncertainty;large_geometry_uncertainty;large_geometry_uncertainty;large_geometry_uncertainty;large_geometry_uncertainty;large_geometry_uncertainty;large_geometry_uncertainty;large_geometry_uncertainty;large_geometry_uncertainty;large_geometry_uncertainty;large_geometry_uncertainty;large_geometry_uncertainty;large_geometry_uncertainty;large_geometry_uncertainty;large_geometry_uncertainty;large_geometry_uncertainty;large_geometry_uncertainty;large_geometry_uncertainty;large_geometry_uncertainty;large_geometry_uncertainty;large_geometry_uncertainty;large_geometry_uncertainty;large_geometry_uncertainty;large_geometry_uncertainty;large_geometry_uncertainty;large_geometry_uncertainty;large_geometry_uncertainty;large_geometry_uncertainty;predicate_weight_dominates;high_parameter_correlation;high_parameter_correlation;high_parameter_correlation;large_relative_parameter_sigma,0.18114227240258898,0.4471911317981411,0.712780732814,0.3016814999741447,2.99998246032,0.0417950990973,0.014705609054784368,0.277207831976,25.0296151151,9.790323318665314,0.6052333599999571,0.25724368476103643,0.02514519199999654,0.009519770742588429,25.01588962048001,9.790295135732523,1,/Users/vincenzobarone/MATRIX/working/semiexp/camphor_bdpcs3/stability_suite_full/runs/no_h_dihedral_predicates
no_dihedral_predicates,ok,0,gic,moments,ABC,none,0,0,85,unknown,75,128254.18707898496,max_iter,minimum,0.07584507985211943,0.259431728842,81,0,not_converged_max_iter;large_geometry_uncertainty;large_geometry_uncertainty;large_geometry_uncertainty;large_geometry_uncertainty;large_geometry_uncertainty;large_geometry_uncertainty;large_geometry_uncertainty;large_geometry_uncertainty;large_geometry_uncertainty;large_geometry_uncertainty;large_geometry_uncertainty;large_geometry_uncertainty;large_geometry_uncertainty;large_geometry_uncertainty;large_geometry_uncertainty;large_geometry_uncertainty;large_geometry_uncertainty;large_geometry_uncertainty;large_geometry_uncertainty;large_geometry_uncertainty;large_geometry_uncertainty;large_geometry_uncertainty;large_geometry_uncertainty;large_geometry_uncertainty;large_geometry_uncertainty;large_geometry_uncertainty;large_geometry_uncertainty;large_geometry_uncertainty;large_geometry_uncertainty;large_geometry_uncertainty;large_geometry_uncertainty;large_geometry_uncertainty;large_geometry_uncertainty;large_geometry_uncertainty;large_geometry_uncertainty;large_geometry_uncertainty;large_geometry_uncertainty;large_geometry_uncertainty;large_geometry_uncertainty;large_geometry_uncertainty;large_geometry_uncertainty;large_geometry_uncertainty;large_geometry_uncertainty;large_geometry_uncertainty;large_geometry_uncertainty;large_geometry_uncertainty;large_geometry_uncertainty;large_geometry_uncertainty;large_geometry_uncertainty;large_geometry_uncertainty;large_geometry_uncertainty;large_geometry_uncertainty;large_geometry_uncertainty;large_geometry_uncertainty;large_geometry_uncertainty;large_geometry_uncertainty;large_geometry_uncertainty;large_geometry_uncertainty;large_geometry_uncertainty;large_geometry_uncertainty;large_geometry_uncertainty;large_geometry_uncertainty;large_geometry_uncertainty;large_geometry_uncertainty;large_geometry_uncertainty;large_geometry_uncertainty;large_geometry_uncertainty;large_geometry_uncertainty;large_geometry_uncertainty;large_geometry_uncertainty;large_geometry_uncertainty;large_geometry_uncertainty;large_geometry_uncertainty;large_geometry_uncertainty;large_geometry_uncertainty;large_geometry_uncertainty;large_geometry_uncertainty;large_geometry_uncertainty;large_geometry_uncertainty;large_geometry_uncertainty;predicate_weight_dominates;high_parameter_correlation;high_parameter_correlation;high_parameter_correlation;large_relative_parameter_sigma,0.14490292894858448,0.35255958215799615,0.6890194954400001,0.25849926141711993,2.9999878989999997,0.0499767287319,0.014496240372698824,0.277405816537,19.5838155027,7.812598534895389,0.5835054099998516,0.28379316907202917,0.03488017899999818,0.01133838054453024,19.571184076999998,7.812540366060996,1,/Users/vincenzobarone/MATRIX/working/semiexp/camphor_bdpcs3/stability_suite_full/runs/no_dihedral_predicates
no_h_predicates,ok,0,gic,moments,ABC,none,0,0,64,unknown,36,inf,objective_tolerance,flat_or_rank_deficient,0.06293997865444914,0.190919290654,118,0,rank_deficient;incremental_rank_deficient;ill_conditioned_jacobian;small_singular_value;large_geometry_uncertainty;large_geometry_uncertainty;large_geometry_uncertainty;large_geometry_uncertainty;large_geometry_uncertainty;large_geometry_uncertainty;large_geometry_uncertainty;large_geometry_uncertainty;large_geometry_uncertainty;large_geometry_uncertainty;large_geometry_uncertainty;large_geometry_uncertainty;large_geometry_uncertainty;large_geometry_uncertainty;large_geometry_uncertainty;large_geometry_uncertainty;large_geometry_uncertainty;large_geometry_uncertainty;large_geometry_uncertainty;large_geometry_uncertainty;large_geometry_uncertainty;large_geometry_uncertainty;large_geometry_uncertainty;large_geometry_uncertainty;large_geometry_uncertainty;large_geometry_uncertainty;large_geometry_uncertainty;large_geometry_uncertainty;large_geometry_uncertainty;large_geometry_uncertainty;large_geometry_uncertainty;large_geometry_uncertainty;large_geometry_uncertainty;large_geometry_uncertainty;large_geometry_uncertainty;large_geometry_uncertainty;large_geometry_uncertainty;large_geometry_uncertainty;large_geometry_uncertainty;large_geometry_uncertainty;large_geometry_uncertainty;large_geometry_uncertainty;large_geometry_uncertainty;large_geometry_uncertainty;large_geometry_uncertainty;large_geometry_uncertainty;large_geometry_uncertainty;large_geometry_uncertainty;large_geometry_uncertainty;large_geometry_uncertainty;large_geometry_uncertainty;large_geometry_uncertainty;large_geometry_uncertainty;large_geometry_uncertainty;large_geometry_uncertainty;large_geometry_uncertainty;large_geometry_uncertainty;large_geometry_uncertainty;large_geometry_uncertainty;large_geometry_uncertainty;large_geometry_uncertainty;large_geometry_uncertainty;large_geometry_uncertainty;large_geometry_uncertainty;large_geometry_uncertainty;large_geometry_uncertainty;large_geometry_uncertainty;large_geometry_uncertainty;large_geometry_uncertainty;large_geometry_uncertainty;large_geometry_uncertainty;large_geometry_uncertainty;large_geometry_uncertainty;large_geometry_uncertainty;large_geometry_uncertainty;large_geometry_uncertainty;large_geometry_uncertainty;large_geometry_uncertainty;large_geometry_uncertainty;large_geometry_uncertainty;large_geometry_uncertainty;large_geometry_uncertainty;large_geometry_uncertainty;large_geometry_uncertainty;large_geometry_uncertainty;large_geometry_uncertainty;large_geometry_uncertainty;large_geometry_uncertainty;large_geometry_uncertainty;large_geometry_uncertainty;large_geometry_uncertainty;large_geometry_uncertainty;large_geometry_uncertainty;large_geometry_uncertainty;large_geometry_uncertainty;large_geometry_uncertainty;large_geometry_uncertainty;large_geometry_uncertainty;large_geometry_uncertainty;large_geometry_uncertainty;large_geometry_uncertainty;large_geometry_uncertainty;large_geometry_uncertainty;large_geometry_uncertainty;large_geometry_uncertainty;large_geometry_uncertainty;large_geometry_uncertainty;large_geometry_uncertainty;large_geometry_uncertainty;large_geometry_uncertainty;large_geometry_uncertainty;large_geometry_uncertainty;large_geometry_uncertainty;large_geometry_uncertainty;predicate_weight_dominates;high_parameter_correlation;high_parameter_correlation;high_parameter_correlation;high_parameter_correlation;high_parameter_correlation,0.4021934603257464,0.9165669251292693,159.508879811,49.388867031153595,375.22128072,5.28411914892,1.292904774634162,37.6112710824,52.5965983372,22.131376520804213,159.54907724900002,49.39076207373103,5.280401949999998,1.2918067044577677,52.60972708300005,22.13139618713691,0,/Users/vincenzobarone/MATRIX/working/semiexp/camphor_bdpcs3/stability_suite_full/runs/no_h_predicates
heavy_frame_only,ok,0,gic,moments,ABC,none,0,0,64,unknown,36,inf,objective_tolerance,flat_or_rank_deficient,0.06293997865444914,0.190919290654,118,0,rank_deficient;incremental_rank_deficient;ill_conditioned_jacobian;small_singular_value;large_geometry_uncertainty;large_geometry_uncertainty;large_geometry_uncertainty;large_geometry_uncertainty;large_geometry_uncertainty;large_geometry_uncertainty;large_geometry_uncertainty;large_geometry_uncertainty;large_geometry_uncertainty;large_geometry_uncertainty;large_geometry_uncertainty;large_geometry_uncertainty;large_geometry_uncertainty;large_geometry_uncertainty;large_geometry_uncertainty;large_geometry_uncertainty;large_geometry_uncertainty;large_geometry_uncertainty;large_geometry_uncertainty;large_geometry_uncertainty;large_geometry_uncertainty;large_geometry_uncertainty;large_geometry_uncertainty;large_geometry_uncertainty;large_geometry_uncertainty;large_geometry_uncertainty;large_geometry_uncertainty;large_geometry_uncertainty;large_geometry_uncertainty;large_geometry_uncertainty;large_geometry_uncertainty;large_geometry_uncertainty;large_geometry_uncertainty;large_geometry_uncertainty;large_geometry_uncertainty;large_geometry_uncertainty;large_geometry_uncertainty;large_geometry_uncertainty;large_geometry_uncertainty;large_geometry_uncertainty;large_geometry_uncertainty;large_geometry_uncertainty;large_geometry_uncertainty;large_geometry_uncertainty;large_geometry_uncertainty;large_geometry_uncertainty;large_geometry_uncertainty;large_geometry_uncertainty;large_geometry_uncertainty;large_geometry_uncertainty;large_geometry_uncertainty;large_geometry_uncertainty;large_geometry_uncertainty;large_geometry_uncertainty;large_geometry_uncertainty;large_geometry_uncertainty;large_geometry_uncertainty;large_geometry_uncertainty;large_geometry_uncertainty;large_geometry_uncertainty;large_geometry_uncertainty;large_geometry_uncertainty;large_geometry_uncertainty;large_geometry_uncertainty;large_geometry_uncertainty;large_geometry_uncertainty;large_geometry_uncertainty;large_geometry_uncertainty;large_geometry_uncertainty;large_geometry_uncertainty;large_geometry_uncertainty;large_geometry_uncertainty;large_geometry_uncertainty;large_geometry_uncertainty;large_geometry_uncertainty;large_geometry_uncertainty;large_geometry_uncertainty;large_geometry_uncertainty;large_geometry_uncertainty;large_geometry_uncertainty;large_geometry_uncertainty;large_geometry_uncertainty;large_geometry_uncertainty;large_geometry_uncertainty;large_geometry_uncertainty;large_geometry_uncertainty;large_geometry_uncertainty;large_geometry_uncertainty;large_geometry_uncertainty;large_geometry_uncertainty;large_geometry_uncertainty;large_geometry_uncertainty;large_geometry_uncertainty;large_geometry_uncertainty;large_geometry_uncertainty;large_geometry_uncertainty;large_geometry_uncertainty;large_geometry_uncertainty;large_geometry_uncertainty;large_geometry_uncertainty;large_geometry_uncertainty;large_geometry_uncertainty;large_geometry_uncertainty;large_geometry_uncertainty;large_geometry_uncertainty;large_geometry_uncertainty;large_geometry_uncertainty;large_geometry_uncertainty;large_geometry_uncertainty;large_geometry_uncertainty;large_geometry_uncertainty;large_geometry_uncertainty;large_geometry_uncertainty;large_geometry_uncertainty;predicate_weight_dominates;high_parameter_correlation;high_parameter_correlation;high_parameter_correlation;high_parameter_correlation;high_parameter_correlation,0.4021934603257464,0.9165669251292693,159.508879811,49.388867031153595,375.22128072,5.28411914892,1.292904774634162,37.6112710824,52.5965983372,22.131376520804213,159.54907724900002,49.39076207373103,5.280401949999998,1.2918067044577677,52.60972708300005,22.13139618713691,0,/Users/vincenzobarone/MATRIX/working/semiexp/camphor_bdpcs3/stability_suite_full/runs/heavy_frame_only
bonds_angles_only,ok,0,gic,moments,ABC,none,0,0,85,unknown,75,128254.18707898496,max_iter,minimum,0.07584507985211943,0.259431728842,81,0,not_converged_max_iter;large_geometry_uncertainty;large_geometry_uncertainty;large_geometry_uncertainty;large_geometry_uncertainty;large_geometry_uncertainty;large_geometry_uncertainty;large_geometry_uncertainty;large_geometry_uncertainty;large_geometry_uncertainty;large_geometry_uncertainty;large_geometry_uncertainty;large_geometry_uncertainty;large_geometry_uncertainty;large_geometry_uncertainty;large_geometry_uncertainty;large_geometry_uncertainty;large_geometry_uncertainty;large_geometry_uncertainty;large_geometry_uncertainty;large_geometry_uncertainty;large_geometry_uncertainty;large_geometry_uncertainty;large_geometry_uncertainty;large_geometry_uncertainty;large_geometry_uncertainty;large_geometry_uncertainty;large_geometry_uncertainty;large_geometry_uncertainty;large_geometry_uncertainty;large_geometry_uncertainty;large_geometry_uncertainty;large_geometry_uncertainty;large_geometry_uncertainty;large_geometry_uncertainty;large_geometry_uncertainty;large_geometry_uncertainty;large_geometry_uncertainty;large_geometry_uncertainty;large_geometry_uncertainty;large_geometry_uncertainty;large_geometry_uncertainty;large_geometry_uncertainty;large_geometry_uncertainty;large_geometry_uncertainty;large_geometry_uncertainty;large_geometry_uncertainty;large_geometry_uncertainty;large_geometry_uncertainty;large_geometry_uncertainty;large_geometry_uncertainty;large_geometry_uncertainty;large_geometry_uncertainty;large_geometry_uncertainty;large_geometry_uncertainty;large_geometry_uncertainty;large_geometry_uncertainty;large_geometry_uncertainty;large_geometry_uncertainty;large_geometry_uncertainty;large_geometry_uncertainty;large_geometry_uncertainty;large_geometry_uncertainty;large_geometry_uncertainty;large_geometry_uncertainty;large_geometry_uncertainty;large_geometry_uncertainty;large_geometry_uncertainty;large_geometry_uncertainty;large_geometry_uncertainty;large_geometry_uncertainty;large_geometry_uncertainty;large_geometry_uncertainty;large_geometry_uncertainty;large_geometry_uncertainty;large_geometry_uncertainty;large_geometry_uncertainty;large_geometry_uncertainty;large_geometry_uncertainty;large_geometry_uncertainty;large_geometry_uncertainty;predicate_weight_dominates;high_parameter_correlation;high_parameter_correlation;high_parameter_correlation;large_relative_parameter_sigma,0.14490292894858448,0.35255958215799615,0.6890194954400001,0.25849926141711993,2.9999878989999997,0.0499767287319,0.014496240372698824,0.277405816537,19.5838155027,7.812598534895389,0.5835054099998516,0.28379316907202917,0.03488017899999818,0.01133838054453024,19.571184076999998,7.812540366060996,1,/Users/vincenzobarone/MATRIX/working/semiexp/camphor_bdpcs3/stability_suite_full/runs/bonds_angles_only
bonds_only,failed,1,gic,moments,ABC,none,0,0,28,unknown,,,,,nan,nan,0,0,,nan,nan,nan,nan,nan,nan,nan,nan,nan,nan,nan,nan,nan,nan,nan,nan,0,/Users/vincenzobarone/MATRIX/working/semiexp/camphor_bdpcs3/stability_suite_full/runs/bonds_only
kraitchman_conservative_autostabilized,failed,1,gic,moments,ABC,none,1,0,0,runtime,,,,,nan,nan,0,0,,nan,nan,nan,nan,nan,nan,nan,nan,nan,nan,nan,nan,nan,nan,nan,nan,0,/Users/vincenzobarone/MATRIX/working/semiexp/camphor_bdpcs3/stability_suite_full/runs/kraitchman_conservative_autostabilized
kraitchman_partial_autostabilized,ok,0,gic,moments,ABC,none,1,1,0,runtime,75,40365.26606688169,max_iter,minimum,0.24147583607654594,1.07281565309,181,0,not_converged_max_iter;large_geometry_uncertainty;large_geometry_uncertainty;large_geometry_uncertainty;large_geometry_uncertainty;large_geometry_uncertainty;large_geometry_uncertainty;large_geometry_uncertainty;large_geometry_uncertainty;large_geometry_uncertainty;large_geometry_uncertainty;large_geometry_uncertainty;large_geometry_uncertainty;large_geometry_uncertainty;large_geometry_uncertainty;large_geometry_uncertainty;large_geometry_uncertainty;large_geometry_uncertainty;large_geometry_uncertainty;large_geometry_uncertainty;large_geometry_uncertainty;large_geometry_uncertainty;large_geometry_uncertainty;large_geometry_uncertainty;large_geometry_uncertainty;large_geometry_uncertainty;large_geometry_uncertainty;large_geometry_uncertainty;large_geometry_uncertainty;large_geometry_uncertainty;large_geometry_uncertainty;large_geometry_uncertainty;large_geometry_uncertainty;large_geometry_uncertainty;large_geometry_uncertainty;large_geometry_uncertainty;large_geometry_uncertainty;large_geometry_uncertainty;large_geometry_uncertainty;large_geometry_uncertainty;large_geometry_uncertainty;large_geometry_uncertainty;large_geometry_uncertainty;large_geometry_uncertainty;large_geometry_uncertainty;large_geometry_uncertainty;large_geometry_uncertainty;large_geometry_uncertainty;large_geometry_uncertainty;large_geometry_uncertainty;large_geometry_uncertainty;large_geometry_uncertainty;large_geometry_uncertainty;large_geometry_uncertainty;large_geometry_uncertainty;large_geometry_uncertainty;large_geometry_uncertainty;large_geometry_uncertainty;large_geometry_uncertainty;large_geometry_uncertainty;large_geometry_uncertainty;large_geometry_uncertainty;large_geometry_uncertainty;large_geometry_uncertainty;large_geometry_uncertainty;large_geometry_uncertainty;large_geometry_uncertainty;large_geometry_uncertainty;large_geometry_uncertainty;large_geometry_uncertainty;large_geometry_uncertainty;large_geometry_uncertainty;large_geometry_uncertainty;large_geometry_uncertainty;large_geometry_uncertainty;large_geometry_uncertainty;large_geometry_uncertainty;large_geometry_uncertainty;large_geometry_uncertainty;large_geometry_uncertainty;large_geometry_uncertainty;large_geometry_uncertainty;large_geometry_uncertainty;large_geometry_uncertainty;large_geometry_uncertainty;large_geometry_uncertainty;large_geometry_uncertainty;large_geometry_uncertainty;large_geometry_uncertainty;large_geometry_uncertainty;large_geometry_uncertainty;large_geometry_uncertainty;large_geometry_uncertainty;large_geometry_uncertainty;large_geometry_uncertainty;large_geometry_uncertainty;large_geometry_uncertainty;large_geometry_uncertainty;large_geometry_uncertainty;large_geometry_uncertainty;large_geometry_uncertainty;large_geometry_uncertainty;large_geometry_uncertainty;large_geometry_uncertainty;large_geometry_uncertainty;large_geometry_uncertainty;large_geometry_uncertainty;large_geometry_uncertainty;large_geometry_uncertainty;large_geometry_uncertainty;large_geometry_uncertainty;large_geometry_uncertainty;large_geometry_uncertainty;large_geometry_uncertainty;large_geometry_uncertainty;large_geometry_uncertainty;large_geometry_uncertainty;large_geometry_uncertainty;large_geometry_uncertainty;large_geometry_uncertainty;large_geometry_uncertainty;large_geometry_uncertainty;large_geometry_uncertainty;large_geometry_uncertainty;large_geometry_uncertainty;large_geometry_uncertainty;large_geometry_uncertainty;large_geometry_uncertainty;large_geometry_uncertainty;large_geometry_uncertainty;large_geometry_uncertainty;large_geometry_uncertainty;large_geometry_uncertainty;large_geometry_uncertainty;large_geometry_uncertainty;large_geometry_uncertainty;large_geometry_uncertainty;large_geometry_uncertainty;large_geometry_uncertainty;large_geometry_uncertainty;large_geometry_uncertainty;large_geometry_uncertainty;large_geometry_uncertainty;large_geometry_uncertainty;large_geometry_uncertainty;large_geometry_uncertainty;large_geometry_uncertainty;large_geometry_uncertainty;large_geometry_uncertainty;large_geometry_uncertainty;large_geometry_uncertainty;large_geometry_uncertainty;large_geometry_uncertainty;large_geometry_uncertainty;large_geometry_uncertainty;large_geometry_uncertainty;large_geometry_uncertainty;large_geometry_uncertainty;large_geometry_uncertainty;large_geometry_uncertainty;large_geometry_uncertainty;large_geometry_uncertainty;large_geometry_uncertainty;large_geometry_uncertainty;large_geometry_uncertainty;large_geometry_uncertainty;large_geometry_uncertainty;large_geometry_uncertainty;large_geometry_uncertainty;large_geometry_uncertainty;large_geometry_uncertainty;large_geometry_uncertainty;large_geometry_uncertainty;large_geometry_uncertainty;large_geometry_uncertainty;large_geometry_uncertainty;large_geometry_uncertainty;large_geometry_uncertainty;large_geometry_uncertainty;large_geometry_uncertainty;large_geometry_uncertainty;predicate_weight_dominates;high_parameter_correlation;high_parameter_correlation;high_parameter_correlation;large_relative_parameter_sigma,0.6438263263201364,1.6960485386152802,90.5798489829,37.835900221261696,9.99965305326,6.22387373883,2.731874998885065,0.938397040647,112.982984908,38.056340892550324,90.56478072700014,37.83561462987453,6.220336073999988,2.7313826806939057,112.99669214724001,38.05637693284288,0,/Users/vincenzobarone/MATRIX/working/semiexp/camphor_bdpcs3/stability_suite_full/runs/kraitchman_partial_autostabilized
kraitchman_partial_cartesian_autostabilized,ok,0,cartesian_symmetry,moments,ABC,none,1,1,0,runtime,75,113842.39535651117,objective_tolerance,minimum,0.17288436037628688,0.67917706418,179,0,large_geometry_uncertainty;large_geometry_uncertainty;large_geometry_uncertainty;large_geometry_uncertainty;large_geometry_uncertainty;large_geometry_uncertainty;large_geometry_uncertainty;large_geometry_uncertainty;large_geometry_uncertainty;large_geometry_uncertainty;large_geometry_uncertainty;large_geometry_uncertainty;large_geometry_uncertainty;large_geometry_uncertainty;large_geometry_uncertainty;large_geometry_uncertainty;large_geometry_uncertainty;large_geometry_uncertainty;large_geometry_uncertainty;large_geometry_uncertainty;large_geometry_uncertainty;large_geometry_uncertainty;large_geometry_uncertainty;large_geometry_uncertainty;large_geometry_uncertainty;large_geometry_uncertainty;large_geometry_uncertainty;large_geometry_uncertainty;large_geometry_uncertainty;large_geometry_uncertainty;large_geometry_uncertainty;large_geometry_uncertainty;large_geometry_uncertainty;large_geometry_uncertainty;large_geometry_uncertainty;large_geometry_uncertainty;large_geometry_uncertainty;large_geometry_uncertainty;large_geometry_uncertainty;large_geometry_uncertainty;large_geometry_uncertainty;large_geometry_uncertainty;large_geometry_uncertainty;large_geometry_uncertainty;large_geometry_uncertainty;large_geometry_uncertainty;large_geometry_uncertainty;large_geometry_uncertainty;large_geometry_uncertainty;large_geometry_uncertainty;large_geometry_uncertainty;large_geometry_uncertainty;large_geometry_uncertainty;large_geometry_uncertainty;large_geometry_uncertainty;large_geometry_uncertainty;large_geometry_uncertainty;large_geometry_uncertainty;large_geometry_uncertainty;large_geometry_uncertainty;large_geometry_uncertainty;large_geometry_uncertainty;large_geometry_uncertainty;large_geometry_uncertainty;large_geometry_uncertainty;large_geometry_uncertainty;large_geometry_uncertainty;large_geometry_uncertainty;large_geometry_uncertainty;large_geometry_uncertainty;large_geometry_uncertainty;large_geometry_uncertainty;large_geometry_uncertainty;large_geometry_uncertainty;large_geometry_uncertainty;large_geometry_uncertainty;large_geometry_uncertainty;large_geometry_uncertainty;large_geometry_uncertainty;large_geometry_uncertainty;large_geometry_uncertainty;large_geometry_uncertainty;large_geometry_uncertainty;large_geometry_uncertainty;large_geometry_uncertainty;large_geometry_uncertainty;large_geometry_uncertainty;large_geometry_uncertainty;large_geometry_uncertainty;large_geometry_uncertainty;large_geometry_uncertainty;large_geometry_uncertainty;large_geometry_uncertainty;large_geometry_uncertainty;large_geometry_uncertainty;large_geometry_uncertainty;large_geometry_uncertainty;large_geometry_uncertainty;large_geometry_uncertainty;large_geometry_uncertainty;large_geometry_uncertainty;large_geometry_uncertainty;large_geometry_uncertainty;large_geometry_uncertainty;large_geometry_uncertainty;large_geometry_uncertainty;large_geometry_uncertainty;large_geometry_uncertainty;large_geometry_uncertainty;large_geometry_uncertainty;large_geometry_uncertainty;large_geometry_uncertainty;large_geometry_uncertainty;large_geometry_uncertainty;large_geometry_uncertainty;large_geometry_uncertainty;large_geometry_uncertainty;large_geometry_uncertainty;large_geometry_uncertainty;large_geometry_uncertainty;large_geometry_uncertainty;large_geometry_uncertainty;large_geometry_uncertainty;large_geometry_uncertainty;large_geometry_uncertainty;large_geometry_uncertainty;large_geometry_uncertainty;large_geometry_uncertainty;large_geometry_uncertainty;large_geometry_uncertainty;large_geometry_uncertainty;large_geometry_uncertainty;large_geometry_uncertainty;large_geometry_uncertainty;large_geometry_uncertainty;large_geometry_uncertainty;large_geometry_uncertainty;large_geometry_uncertainty;large_geometry_uncertainty;large_geometry_uncertainty;large_geometry_uncertainty;large_geometry_uncertainty;large_geometry_uncertainty;large_geometry_uncertainty;large_geometry_uncertainty;large_geometry_uncertainty;large_geometry_uncertainty;large_geometry_uncertainty;large_geometry_uncertainty;large_geometry_uncertainty;large_geometry_uncertainty;large_geometry_uncertainty;large_geometry_uncertainty;large_geometry_uncertainty;large_geometry_uncertainty;large_geometry_uncertainty;large_geometry_uncertainty;large_geometry_uncertainty;large_geometry_uncertainty;large_geometry_uncertainty;large_geometry_uncertainty;large_geometry_uncertainty;large_geometry_uncertainty;large_geometry_uncertainty;large_geometry_uncertainty;large_geometry_uncertainty;large_geometry_uncertainty;large_geometry_uncertainty;large_geometry_uncertainty;large_geometry_uncertainty;large_geometry_uncertainty;large_geometry_uncertainty;large_geometry_uncertainty;large_geometry_uncertainty;large_geometry_uncertainty;large_geometry_uncertainty;large_geometry_uncertainty;large_geometry_uncertainty;large_geometry_uncertainty;predicate_weight_dominates;high_parameter_correlation;high_parameter_correlation;high_parameter_correlation;high_parameter_correlation;high_parameter_correlation;high_parameter_correlation;high_parameter_correlation;high_parameter_correlation;high_parameter_correlation;high_parameter_correlation;high_parameter_correlation;high_parameter_correlation;high_parameter_correlation;high_parameter_correlation;high_parameter_correlation;high_parameter_correlation;high_parameter_correlation;high_parameter_correlation;high_parameter_correlation;high_parameter_correlation,0.4619038204096652,1.2496085216291495,92.5863312656,37.86774068482401,9.999661286290001,6.20526255344,2.743597197584625,0.938659864173,80.8791901866,25.724250982704017,92.57126301000007,37.86834425649824,6.2017248889999905,2.7431323061595116,80.89289742540001,25.724234333674563,0,/Users/vincenzobarone/MATRIX/working/semiexp/camphor_bdpcs3/stability_suite_full/runs/kraitchman_partial_cartesian_autostabilized
kraitchman_partial_no_auto,ok,0,gic,moments,ABC,none,1,1,0,runtime,75,40365.26606688169,max_iter,minimum,0.24147583607654594,1.07281565309,181,0,not_converged_max_iter;large_geometry_uncertainty;large_geometry_uncertainty;large_geometry_uncertainty;large_geometry_uncertainty;large_geometry_uncertainty;large_geometry_uncertainty;large_geometry_uncertainty;large_geometry_uncertainty;large_geometry_uncertainty;large_geometry_uncertainty;large_geometry_uncertainty;large_geometry_uncertainty;large_geometry_uncertainty;large_geometry_uncertainty;large_geometry_uncertainty;large_geometry_uncertainty;large_geometry_uncertainty;large_geometry_uncertainty;large_geometry_uncertainty;large_geometry_uncertainty;large_geometry_uncertainty;large_geometry_uncertainty;large_geometry_uncertainty;large_geometry_uncertainty;large_geometry_uncertainty;large_geometry_uncertainty;large_geometry_uncertainty;large_geometry_uncertainty;large_geometry_uncertainty;large_geometry_uncertainty;large_geometry_uncertainty;large_geometry_uncertainty;large_geometry_uncertainty;large_geometry_uncertainty;large_geometry_uncertainty;large_geometry_uncertainty;large_geometry_uncertainty;large_geometry_uncertainty;large_geometry_uncertainty;large_geometry_uncertainty;large_geometry_uncertainty;large_geometry_uncertainty;large_geometry_uncertainty;large_geometry_uncertainty;large_geometry_uncertainty;large_geometry_uncertainty;large_geometry_uncertainty;large_geometry_uncertainty;large_geometry_uncertainty;large_geometry_uncertainty;large_geometry_uncertainty;large_geometry_uncertainty;large_geometry_uncertainty;large_geometry_uncertainty;large_geometry_uncertainty;large_geometry_uncertainty;large_geometry_uncertainty;large_geometry_uncertainty;large_geometry_uncertainty;large_geometry_uncertainty;large_geometry_uncertainty;large_geometry_uncertainty;large_geometry_uncertainty;large_geometry_uncertainty;large_geometry_uncertainty;large_geometry_uncertainty;large_geometry_uncertainty;large_geometry_uncertainty;large_geometry_uncertainty;large_geometry_uncertainty;large_geometry_uncertainty;large_geometry_uncertainty;large_geometry_uncertainty;large_geometry_uncertainty;large_geometry_uncertainty;large_geometry_uncertainty;large_geometry_uncertainty;large_geometry_uncertainty;large_geometry_uncertainty;large_geometry_uncertainty;large_geometry_uncertainty;large_geometry_uncertainty;large_geometry_uncertainty;large_geometry_uncertainty;large_geometry_uncertainty;large_geometry_uncertainty;large_geometry_uncertainty;large_geometry_uncertainty;large_geometry_uncertainty;large_geometry_uncertainty;large_geometry_uncertainty;large_geometry_uncertainty;large_geometry_uncertainty;large_geometry_uncertainty;large_geometry_uncertainty;large_geometry_uncertainty;large_geometry_uncertainty;large_geometry_uncertainty;large_geometry_uncertainty;large_geometry_uncertainty;large_geometry_uncertainty;large_geometry_uncertainty;large_geometry_uncertainty;large_geometry_uncertainty;large_geometry_uncertainty;large_geometry_uncertainty;large_geometry_uncertainty;large_geometry_uncertainty;large_geometry_uncertainty;large_geometry_uncertainty;large_geometry_uncertainty;large_geometry_uncertainty;large_geometry_uncertainty;large_geometry_uncertainty;large_geometry_uncertainty;large_geometry_uncertainty;large_geometry_uncertainty;large_geometry_uncertainty;large_geometry_uncertainty;large_geometry_uncertainty;large_geometry_uncertainty;large_geometry_uncertainty;large_geometry_uncertainty;large_geometry_uncertainty;large_geometry_uncertainty;large_geometry_uncertainty;large_geometry_uncertainty;large_geometry_uncertainty;large_geometry_uncertainty;large_geometry_uncertainty;large_geometry_uncertainty;large_geometry_uncertainty;large_geometry_uncertainty;large_geometry_uncertainty;large_geometry_uncertainty;large_geometry_uncertainty;large_geometry_uncertainty;large_geometry_uncertainty;large_geometry_uncertainty;large_geometry_uncertainty;large_geometry_uncertainty;large_geometry_uncertainty;large_geometry_uncertainty;large_geometry_uncertainty;large_geometry_uncertainty;large_geometry_uncertainty;large_geometry_uncertainty;large_geometry_uncertainty;large_geometry_uncertainty;large_geometry_uncertainty;large_geometry_uncertainty;large_geometry_uncertainty;large_geometry_uncertainty;large_geometry_uncertainty;large_geometry_uncertainty;large_geometry_uncertainty;large_geometry_uncertainty;large_geometry_uncertainty;large_geometry_uncertainty;large_geometry_uncertainty;large_geometry_uncertainty;large_geometry_uncertainty;large_geometry_uncertainty;large_geometry_uncertainty;large_geometry_uncertainty;large_geometry_uncertainty;large_geometry_uncertainty;large_geometry_uncertainty;large_geometry_uncertainty;large_geometry_uncertainty;large_geometry_uncertainty;large_geometry_uncertainty;large_geometry_uncertainty;large_geometry_uncertainty;large_geometry_uncertainty;large_geometry_uncertainty;large_geometry_uncertainty;large_geometry_uncertainty;large_geometry_uncertainty;large_geometry_uncertainty;predicate_weight_dominates;high_parameter_correlation;high_parameter_correlation;high_parameter_correlation;large_relative_parameter_sigma,0.6438263263201364,1.6960485386152802,90.5798489829,37.835900221261696,9.99965305326,6.22387373883,2.731874998885065,0.938397040647,112.982984908,38.056340892550324,90.56478072700014,37.83561462987453,6.220336073999988,2.7313826806939057,112.99669214724001,38.05637693284288,0,/Users/vincenzobarone/MATRIX/working/semiexp/camphor_bdpcs3/stability_suite_full/runs/kraitchman_partial_no_auto
bdpcs3_plus_kraitchman_partial_tight,ok,0,gic,moments,ABC,none,1,1,178,runtime,75,69.77526479977304,objective_tolerance,minimum,0.08397063700230713,0.283195105183,0,0,predicate_weight_dominates;small_final_step_with_gradient,0.0032820900461869827,0.005590405490633887,7.64514293904,3.1317116440672312,2.8731756488899998,0.342560296154,0.11765271602970633,0.246536178781,0.241168329955,0.09361430507627844,7.6300746800002095,3.1122312367711156,0.34033059899999785,0.11748690814313181,0.2548755690000064,0.09184791882068101,0,/Users/vincenzobarone/MATRIX/working/semiexp/camphor_bdpcs3/stability_suite_full/runs/bdpcs3_plus_kraitchman_partial_tight
bdpcs3_plus_kraitchman_partial_broad,ok,0,gic,moments,ABC,none,1,1,178,runtime,75,71.13611572880329,objective_tolerance,minimum,0.07801725669811424,0.283804098298,0,0,predicate_weight_dominates;small_final_step_with_gradient,0.0003945618439931743,0.0006726875094779925,0.929956189416,0.49083341046787865,2.9847892699700003,0.0506188793001,0.019649920471113625,0.255402082503,0.0465233267556,0.01825604401643065,0.9148879300000523,0.37305858833978456,0.04004535000001397,0.013743624927433333,0.029016607000016847,0.010512373270596094,0,/Users/vincenzobarone/MATRIX/working/semiexp/camphor_bdpcs3/stability_suite_full/runs/bdpcs3_plus_kraitchman_partial_broad
